type,name,lat,long,id,fac,description,abbr,openingtimes,image,link,hideinlhmenu
academic_dept,Zuckerman Institute for Connective Environmental Research,52.62170696,1.23765707,ZICER,SCI,"The <a href='http://www.uea.ac.uk/zicer/'>Zuckerman Institute for Connective Environmental Research</a> (ZICER) is home to international research centres, the <a href='http://www.tyndall.ac.uk/'>Tyndall Centre for Climate Change</a>, <a href='http://www.uea.ac.uk/env/cserge/'>CSERGE</a> and the <a href='http://www.uea.ac.uk/env/cer/'>Centre for Environmental Risk</a>. The ZICER building itself is also a innovation in environmental friendly architecture. ",,,http://www.uea.ac.uk/polopoly/polopoly_fs/1.110683.LATEST!imageManager/244206996.jpg,,
academic_dept,British Centre for Literary Translation,52.62218,1.24074,,HUM,,,,,,
academic_dept,Centre for East Anglian Studies,52.62231,1.24077,,HUM,,,,,,
academic_dept,Climatic Research Unit,52.621784,1.238556,CRU,,"The <a href='http://www.cru.uea.ac.uk/'>Climatic Research Unit</a>, part of the School of Environmental Sciences, is widely recognised as one of the world's leading institutions concerned with the study of natural and anthropogenic climate change.",CRU,,,,
academic_dept,INTO University of East Anglia,52.623531,1.24535,INTO,,"<a href='http://www.into.uk.com/uea'>INTO University of East Anglia</a> is a state of the art, purpose built Centre, which prepares international students for entry onto degree courses at the University. The Centre comprises modern teaching and accomodation facilities over five stories.  ",INTO,,http://www.uea.ac.uk/polopoly/polopoly_fs/1.110651.LATEST!INTO%201.jpg,http://www.into.uk.com/uea,
academic_dept,James Platt Language Centre,52.62186,1.24027,,HUM,,,,,,
academic_dept,John Innes Centre,52.621315,1.222208,,,,,,,,
academic_dept,Norwich Business School,52.62204,1.2362,NBS,SSF,"Norwich Business School embraces the University's motto of ‘Do Different' by delivering innovative and pioneering courses at facilities in both Norwich and London. Our excellent teaching department is underpinned by cutting edge research, which ensures we're highly relevant to business needs now and in the future. ",NBS,,,http://www.uea.ac.uk/nbs,
academic_dept,Norwich Medical School,52.62188445,1.234918535,MED,FMH,The Norwich Medical School is a leader in preparing students to become highly competent and confident doctors. We are proud of our reputation as one of the very best schools of medicine in the country. We want you to be the best too – by learning and developing first class clinical skills and nurturing excellence in scientific understanding.,MED,,,http://www.uea.ac.uk/medicine,
academic_dept,Norwich Research Park,52.624611,1.224031,NRP,,,,,,,
academic_dept,"Art, Media and American Studies",52.62205,1.24054,AMA,HUM,"The School of Art, Media and American Studies brings together world-leading expertise in the visual arts, in film, television and media studies and in the literature, history, and culture of the United States, and the Atlantic and Pacific worlds.",AMA,,,https://www.uea.ac.uk/ama,
academic_dept,School of Biological Sciences,52.62073,1.23655,BIO,SCI,The School of Biological Sciences is a vibrant and friendly academic community firmly embedded in the internationally renowned Norwich Research Park. It boasts extensive state-of-the-art research facilities as well as modern teaching laboratories.,BIO,,,http://www.uea.ac.uk/biological-sciences,
academic_dept,School of Chemistry,52.621536,1.239213,CHE,SCI,"The School of Chemistry prides itself on research excellence across its spectrum of activities, from synthetic chemistry and drug discovery to spectroscopy and analytical and biophysical chemistry, as confirmed by successive Research Assessment Exercises.",CHE,,,http://www.uea.ac.uk/chemistry,
academic_dept,School of Computing Sciences,52.621052,1.237673,CMP,SCI,"The School of Computing Sciences is one of the largest and most experienced Schools of Computing Sciences in the UK, expertly blending excellent teaching, research, facilities and exciting course modules to offer a dynamic programme targeted at the job market.",CMP,,,http://www.uea.ac.uk/computing,
academic_dept,School of Economics,52.622316,1.240763,ECO,SSF,"The School of Economics proudly combines a reputation for internationally renowned research and unparalleled academic support to its students. Always pursuing a research-inspired approach, we are committed to offering an outstanding academic experience that provides a platform to fully explore the influence of economic analysis.",ECO,,,http://www.uea.ac.uk/economics,
academic_dept,School of Education and Lifelong Learning,52.621639,1.237255,EDU,SSF,The School was ranked joint 3rd for Teaching and joint 5th for overall satisfaction in the 2012 National Student Survey.,EDU,,,http://www.uea.ac.uk/education,
academic_dept,School of Engineering,,,,SCI,,,,,http://www.uea.ac.uk/engineering,
academic_dept,School of Environmental Sciences,52.621433,1.23822,ENV,SCI,"The School of Environmental Sciences is one of the longest established, largest and most fully developed Schools of Environmental Sciences in Europe. Our holistic approach to teaching and research, integrating physical, chemical, biological, social and geotechnical sciences into the study of natural and human environments, is truly a modern philosophy for the new millennium.",ENV,,,http://www.uea.ac.uk/environmental-sciences,
academic_dept,History,52.62211,1.24053,HIS,HUM,"Recognised as a leading department within the UK, History at UEA has a chronological range from the collapse of the Roman empire to the present day, a geographical scope covering Europe, Africa, the Middle East, North America and the Caribbean, and experts in political, economic, social, cultural, environmental, diplomatic and intellectual history.",HIS,,,https://www.uea.ac.uk/history,
academic_dept,School of International Development,52.62194,1.24033,DEV,SSF,The School of International Development (DEV) at the University of East Anglia is a leading global centre of excellence in research and teaching in international development. Read more about the school.,DEV,,,http://www.uea.ac.uk/international-development,
academic_dept,"Politics, Philosophy, Language and Communication Studies",52.62189,1.24035,PPL,HUM,"The School brings together staff and students studying a wide range of subjects including politics, international relations, broadcast journalism, media, public policy, philosophy, language competency, intercultural communication and translation studies",PPL,,,https://www.uea.ac.uk/ppl,
academic_dept,"Literature, Drama and Creative Writing",52.62224,1.24083,LDC,HUM,"The School of Literature, Drama and Creative Writing at the University of East Anglia has a long-established international reputation in literary studies. World famous for its pioneering courses in creative writing, it is also home to prize-winning scholars and translators of literature and drama from all periods.",LDC,,,http://www.uea.ac.uk/literature,
academic_dept,School of Mathematics,52.62101,1.23769,MTH,SCI,The School of Mathematics at UEA is a flourishing department committed to excellence in teaching and research.,MTH,,,http://www.uea.ac.uk/mathematics,
academic_dept,School of Natural Sciences,,,,SCI,Studying Natural sciences is an ideal way to combine interests from more than one area of science.,,,,http://www.uea.ac.uk/naturalsciences,
academic_dept,School of Health Sciences,52.61961,1.22324,HSC,FMH,The School of Health Sciences offers a superb learning environment that enables students to fulfil their potential and ensures our graduates are fit for practice in the modern and ever-changing health and social care sector.,HSC,,,https://www.uea.ac.uk/health-sciences,
academic_dept,School of Pharmacy,52.62154,1.2395,PHA,SCI,"The School was founded in 2003 and has quickly risen to become one of the top pharmacy schools in the country, number one in the Guardian University Guide (2013).  Our Pharmacy degree is highly acclaimed for its innovative content and teaching methods and was reaccrediated by the GPhC in 2012 with no conditions or recommendations.",PHA,,,http://www.uea.ac.uk/pharmacy,
academic_dept,School of Psychology,52.62137,1.23732,PSY,SSF,"We are the first new school of Psychology in a research-intensive UK university for many years, but with an already-thriving British Psychological Society accredited degree programme that is consistently rated most highly by our students. Our teaching is research-led, with internationally-renowned researchers sharing the excitement of new discoveries in psychological science that impact upon how we understand each other and the world in which we live.",PSY,,,http://www.uea.ac.uk/psychology,
academic_dept,School of Social Work,52.62156,1.23557,SWK,SSF,The School of Social Work is an internationally renowned academic department dedicated to research and teaching. We have a strong interdisciplinary focus with a reputation for policy relevant empirical research.,SWK,,,http://www.uea.ac.uk/socialwork,
academic_dept,Law School,52.625523,1.236653,LAW,SSF,"The Law School is renowned for its high quality of courses and internationally recognised research, as well as providing an intimate, student focused experience.",,,,https://www.uea.ac.uk/law,
academic_dept,Graduate School,52.621727,1.222765,GS,SSF,The Faculty of Social Science (SSF) Graduate School at the University of East Anglia (UEA) provides a vibrant and interdisciplinary research and training environment for postgraduate research (PGR) students.,,,,https://www.uea.ac.uk/social-sciences/graduate-school,
academic_dept,Interdisciplinary Institute for the Humanities,52.620696,1.241978,IIH,,"We provide an intellectual home for those activities in the Faculty of Arts and Humanities which cross disciplinary boundaries, including the Centre for Japanese Studies (CJS) and the East Anglian Film Archive (EAFA).",,,,https://www.uea.ac.uk/humanities,
acc_fac,Lecture Theatres 1-4,52.621258,1.240329,,,,,,,,
acc_fac,UEA Library,52.620899,1.240648,,,"The Library plays an important part in the life of every student. The Library contains over 800,000 books and journals, 1,200 study spaces, over 260 computers for student use and 24 hour open access to the IT facility.",LIB,,http://www.uea.ac.uk/polopoly/polopoly_fs/1.110677.LATEST!imageManager/1617582178.jpg,https://www.uea.ac.uk/is/lib,
acc_fac,Study Abroad,52.62189,1.24033,,,The Study Abroad Office has a team of staff dedicated to supporting the needs of all students interested in spending a period abroad either here at UEA or on exchange with one of our partners. We look forward to meeting you in our office.,,,http://www.uea.ac.uk/polopoly_fs/1.211814!imageManager/market-small.jpg,http://www.uea.ac.uk/study/international/study-abroad,
acc_fac,International Office,52.62167,1.23723,,,"The University of East Anglia has a student population of 15,000 and is home to more than 3500 students from outside the UK. International students are attracted to our top quality undergraduate (Bachelor) and postgraduate (Masters and PhD) studies in popular subjects ranging from social sciences and humanities to life, natural and health sciences. Our world class academic staff bring the courses to life and help prepare our graduates for a dynamic future.",,,,http://www.uea.ac.uk/study/international,
accessible_parking,,52.62082604,1.234610081,,,,,,,,
accessible_parking,,52.6204157,1.235570312,,,,,,,,
accessible_parking,,52.62051014,1.235795617,,,,,,,,
accessible_parking,Central Visitors Car Park,52.62143503,1.235672235,,,Disabled Go,,,,http://www.disabledgo.com/access-guide/university-of-east-anglia/central-visitors-car-park-2,
accessible_parking, ,52.62219708,1.23650372,,,Disabled Go,,,,http://www.disabledgo.com/access-guide/university-of-east-anglia/west-car-park,
accessible_parking, ,52.62209938,1.236798763,,,,,,,,
accessible_parking, ,52.62134059,1.237737536,,,,,,,,
accessible_parking, ,52.62207984,1.238440275,,,,,,,,
accessible_parking, ,52.62178675,1.239084005,,,,,,,,
accessible_parking, ,52.62210264,1.240022779,,,,,,,,
accessible_parking,Main Visitors Car Park,52.62296236,1.242190003,,,Disabled Go,,,,http://www.disabledgo.com/access-guide/university-of-east-anglia/main-visitors-car-park,
accessible_parking, ,52.62176395,1.244174838,,,,,,,,
accessible_parking, ,52.62324893,1.24591291,,,,,,,,
accessible_parking, ,52.62327499,1.246594191,,,,,,,,
accessible_parking, ,52.62419005,1.24571979,,,,,,,,
accessible_parking, ,52.6244701,1.245478392,,,,,,,,
accessible_parking, ,52.62514417,1.24093473,,,,,,,,
accessible_parking, ,52.62128197,1.24065578,,,,,,,,
accessible_parking, ,52.61980343,1.223060489,,,,,,,,
accommodation,Accommodation Office,52.621039,1.244202,,,Accommodation Office - Nelson Court room 0.353,,,,https://portal.uea.ac.uk/accommodation,
campus_fac,Accommodation Office,52.621039,1.244202,,,Accommodation Office - Nelson Court room 0.353,,,,https://portal.uea.ac.uk/accommodation,
accommodation,Britten House,52.622128,1.244792,132,,"<a href='https://www.uea.ac.uk/accommodation/student+residences/campusensuite'><strong>Britten, Browne, Colman, Kett, Paston </strong>and<strong> Victory</strong></a> all provide light, en-suite rooms grouped in 8 or 12-person flats, with a central wide corridor and a purpose-built kitchen/diner.  ",,,,,
accommodation,Browne House,52.622547,1.247329,127,,"<a href='https://www.uea.ac.uk/accommodation/student+residences/campusensuite'><strong>Britten, Browne, Colman, Kett, Paston </strong>and<strong> Victory</strong></a> all provide light, en-suite rooms grouped in 8 or 12-person flats, with a central wide corridor and a purpose-built kitchen/diner.  ",,,,,
accommodation,Colman House (Block G),52.621609,1.245607,126,,"<a href='https://www.uea.ac.uk/accommodation/student+residences/campusensuite'><strong>Britten, Browne, Colman, Kett, Paston </strong>and<strong> Victory</strong></a> all provide light, en-suite rooms grouped in 8 or 12-person flats, with a central wide corridor and a purpose-built kitchen/diner.  ",,,http://www.uea.ac.uk/polopoly/polopoly_fs/1.110659.LATEST!imageManager/813258615.jpg,,
accommodation,Colman House (Block F),52.62132105,1.246867776,125,,"<a href='https://www.uea.ac.uk/accommodation/student+residences/campusensuite'><strong>Britten, Browne, Colman, Kett, Paston </strong>and<strong> Victory</strong></a> all provide light, en-suite rooms grouped in 8 or 12-person flats, with a central wide corridor and a purpose-built kitchen/diner.  ",,,,,
accommodation,Constable Terrace,52.621407,1.234353,107,,"Constable Terrace offers rooms arranged mainly in ten-person houses, with a large kitchen and dining area on the ground floor.",,,,http://www.uea.ac.uk/accommodation/student+residences/campusensuite,
accommodation,Suffolk Walk,52.620365,1.241316,104,,Our Two Bedroom Houses/Flats are available for individual students and we have a limited number of these that are availabale for UEA students who have children. For further details about individual rooms within Two Bedroom Houses please visit our <a href='https://www.uea.ac.uk/study/undergraduate/accommodation/options/two-bedroom-houses-and-flats'><strong>accomodation options</strong></a>. For further information about Family Accomodation please visit <a href='https://portal.uea.ac.uk/accommodation/students-with-families'><strong>Students with Families.</strong></a>,,,,,
accommodation,Kett House,52.622894,1.247125,128,,"<a href='https://www.uea.ac.uk/accommodation/student+residences/campusensuite'><strong>Britten, Browne, Colman, Kett, Paston </strong>and<strong> Victory</strong></a> all provide light, en-suite rooms grouped in 8 or 12-person flats, with a central wide corridor and a purpose-built kitchen/diner.  ",,,,,
accommodation,Nelson Court,52.621543,1.244226,103,,"<a href='http://www.uea.ac.uk/accommodation/student+residences/campusensuite'>Nelson Court</a> offers rooms arranged mainly in ten-person houses, with a large kitchen and dining area on the ground floor.<br>  ",,,http://www.uea.ac.uk/polopoly/polopoly_fs/1.110658.LATEST!imageManager/3332993247.jpg,,
accommodation,Norfolk Terrace,52.620342,1.237271,106,,"Rooms in the architecturally unique ziggurats of <a href='http://www.uea.ac.uk/accommodation/student+residences/stadardrooms'>Norfolk and Suffolk Terrace</a> are arranged in flats of up to 12 rooms, each with own washbasin, and each flat has a large kitchen/diner overlooking the broad. Norfolk and Suffolk terrace have been recently refurbished to upgrade the shower and toilet facilities as well as the study bedrooms.",,,http://www.uea.ac.uk/polopoly_fs/1.110660!imageManager/1847405062.jpg,,
accommodation,Orwell Close,52.622089,1.247324,101,,"100 standard rooms are available in <a href='http://www.ueaaccommodation.com/mediaimages/gallery/standard/orwellwolfson/orwellwolfson.html'>Orwell Close</a> and <a href='http://www.ueaaccommodation.com/mediaimages/gallery/standard/orwellwolfson/orwellwolfson.html'>Wolfson Close</a>. The rooms are arranged in flats of between 5 and 12 rooms, and the size of the kitchen/diner reflects the number of people sharing. Please note these rooms do not have washbasins.",,,,,
accommodation,Paston House,52.622589,1.245017,130,,"<a href='https://www.uea.ac.uk/accommodation/student+residences/campusensuite'><strong>Britten, Browne, Colman, Kett, Paston </strong>and<strong> Victory</strong></a> all provide light, en-suite rooms grouped in 8 or 12-person flats, with a central wide corridor and a purpose-built kitchen/diner.  ",,,,,
accommodation,Suffolk Terrace,52.620174,1.240125,105,,"Rooms in the architecturally unique ziggurats of <a href='http://www.uea.ac.uk/accommodation/student+residences/stadardrooms'>Norfolk and Suffolk Terrace</a> are arranged in flats of up to 12 rooms, each with own washbasin, and each flat has a large kitchen/diner overlooking the broad. Norfolk and Suffolk terrace have been recently refurbished to upgrade the shower and toilet facilities as well as the study bedrooms. ",,,,,
accommodation,University Village,52.628235,1.23719,,,"The University Village is made up of 14 buildings with individual flats and is located directly opposite the entrance to the University. Flats usually contain 6-8 rooms, and it takes approximately 8 minutes to walk to the main square on campus.",,,,https://www.uea.ac.uk/study/undergraduate/accommodation/options/en-suite-village,
accommodation,Pine - University Village,52.62938047,1.235135794,111,,,,,,,
accommodation,Willow - University Village,52.62912325,1.234969497,110,,,,,,,
accommodation,Oak - University Village,52.62802594,1.236235499,123,,,,,,,
accommodation,Beech - University Village,52.62842319,1.236723661,118,,,,,,,
accommodation,Elm - University Village,52.62878136,1.237737536,114,,,,,,,
accommodation,Hawthorne - University Village,52.62883997,1.235178709,109,,,,,,,
accommodation,Larch - University Village,52.62812037,1.236906052,121,,,,,,,
accommodation,Ash - University Village,52.62820177,1.236401796,122,,,,,,,
accommodation,Village Close (Block E) 9-12,52.62942931,1.237270832,112,,Our Two Bedroom Houses/Flats are available for individual students and we have a limited number of these that are availabale for UEA students who have children. For further details about individual rooms within Two Bedroom Houses please visit our <a href='https://www.uea.ac.uk/study/undergraduate/accommodation/options/two-bedroom-houses-and-flats'><strong>accomodation options</strong></a>. For further information about Family Accomodation please visit <a href='https://portal.uea.ac.uk/accommodation/students-with-families'><strong>Students with Families.</strong></a>,,,,,
accommodation,Village Close (Block D) 13-24,52.62911022,1.237555146,113,,Our Two Bedroom Houses/Flats are available for individual students and we have a limited number of these that are availabale for UEA students who have children. For further details about individual rooms within Two Bedroom Houses please visit our <a href='https://www.uea.ac.uk/study/undergraduate/accommodation/options/two-bedroom-houses-and-flats'><strong>accomodation options</strong></a>. For further information about Family Accomodation please visit <a href='https://portal.uea.ac.uk/accommodation/students-with-families'><strong>Students with Families.</strong></a>,,,,,
accommodation,Village Close (Block F) 5-6,52.62897672,1.237206459,115,,Our Two Bedroom Houses/Flats are available for individual students and we have a limited number of these that are availabale for UEA students who have children. For further details about individual rooms within Two Bedroom Houses please visit our <a href='https://www.uea.ac.uk/study/undergraduate/accommodation/options/two-bedroom-houses-and-flats'><strong>accomodation options</strong></a>. For further information about Family Accomodation please visit <a href='https://portal.uea.ac.uk/accommodation/students-with-families'><strong>Students with Families.</strong></a>,,,,,
accommodation,Village Close (Block G) 2-4,52.62880741,1.237238646,116,,Our Two Bedroom Houses/Flats are available for individual students and we have a limited number of these that are availabale for UEA students who have children. For further details about individual rooms within Two Bedroom Houses please visit our <a href='https://www.uea.ac.uk/study/undergraduate/accommodation/options/two-bedroom-houses-and-flats'><strong>accomodation options</strong></a>. For further information about Family Accomodation please visit <a href='https://portal.uea.ac.uk/accommodation/students-with-families'><strong>Students with Families.</strong></a>,,,,,
accommodation,Village Courtyard A,52.62799989,1.237265468,120,,,,,,,
accommodation,Village Courtyard B,52.62845901,1.237555146,119,,,,,,,
accommodation,Yew - University Village,52.62865763,1.23701334,117,,,,,,,
accommodation,Victory House,52.622639,1.24638,129,,"<a href='https://www.uea.ac.uk/accommodation/student+residences/campusensuite'><strong>Britten, Browne, Colman, Kett, Paston </strong>and<strong> Victory</strong></a> all provide light, en-suite rooms grouped in 8 or 12-person flats, with a central wide corridor and a purpose-built kitchen/diner.  ",,,,,
accommodation,Wolfson Close,52.621647,1.247152,102,,"100 standard rooms are available in <a href='http://www.ueaaccommodation.com/mediaimages/gallery/standard/orwellwolfson/orwellwolfson.html.'>Orwell Close</a> and <a href='http://www.ueaaccommodation.com/mediaimages/gallery/standard/orwellwolfson/orwellwolfson.html'>Wolfson Close</a>. The rooms are arranged in flats of between 5 and 12 rooms, and the size of the kitchen/diner reflects the number of people sharing. Please note these rooms do not have washbasins. ",,,,,
accommodation,Crome Court,52.62216,1.246562,133,,"Crome Court is UEA’s newest and most energy efficient accommodation block, and the one with the strongest environmental credentials.",,,,https://www.uea.ac.uk/study/undergraduate/accommodation/options,
accommodation,Barton House,52.624341,1.246873,,,Barton House,,,,https://www.uea.ac.uk/study/postgraduate/accommodation/options/en-suite-hickling/barton,
accommodation,Hickling House,52.624712,1.24653,,,Hickling House,,,,https://www.uea.ac.uk/study/postgraduate/accommodation/options/en-suite-hickling/barton,
bandb,BroadView Lodge,52.621373,1.243357,,,"<a href='http://www.broadviewlodge.co.uk/index.htm'>Broadview Lodge</a> is Bed and Breakfast accommodation on campus. Broadview Lodge has sixty en-suite rooms, which are available all year round, ideal for a small conference, training day or indeed for leisure guests. Rooms are equipped with TV, tea and coffee making facilities, Wi-Fi internet access, alarm clock, hair dryer and an iron and ironing board.",,,,https://www.uea.ac.uk/about/visiting-staying/visitor-accommodation/broadview-lodge,
building,Bio-Medical Research Centre (BMRC),52.62106866,1.236739755,,,,,,,,
building,Biomass Energy Centre,52.62364948,1.244850755,,,,,,,,
building,Blackdale Building,52.62432031,1.245577633,BDS,,,BDS,,,,
building,Earlham Hall,52.625499,1.236646,,,,,,,,
building,Edith Cavell Building,52.61972,1.22333,,,,,,,,
building,Lawrence Stenhouse Building,52.62143503,1.237353981,,,,,,,,
building,Elizbeth Fry Building,52.621571,1.235393,,,,,,,,
building,Hubert Lamb Building,52.62184374,1.238560975,,,,,,,,
building,ITCS Building,52.621319,1.239371,,,,ITCS,,,,
building,Estates Building,52.62215148,1.238343716,,,,,,,,
building,Medical Building,52.62187956,1.234615445,,,,,,,,
building,Queen's Building,52.62120218,1.236128211,,,,,,,,
building,Registry Building,52.622505,1.241659,,,,,,,,
building,Teaching Wall: Arts 1,52.62180303,1.240253448,,,,,,,,
building,Teaching Wall: Arts 2,52.622112,1.240677,,,,,,,,
building,Teaching Wall: Biology,52.62068112,1.236501038,,,,,,,,
building,Teaching Wall: Chemisty (CAP),52.62155064,1.239317358,,,,CAP,,,,
building,Teaching Wall: Sciences,52.62144643,1.238292754,,,,,,,,
building,Thomas Paine Study Centre,52.62195121,1.236197948,,,,,,,,
building,ZICER Building,52.62173464,1.238051355,,,,,,,,
building,Music Building,52.62090746,1.242259741,,,,,,,,
building,Bob Champion Research and Education Building,52.619682,1.218946,,,,,,https://www.uea.ac.uk/polopoly_fs/1.255280!imageselect/bobchampweb.jpg,,
building,The Enterprise Centre (TEC),52.625375,1.239803,,,"Located at the gateway to the campus, and managed by the Adapt Low Carbon Group, this ground-breaking building is the region's huib for entrepreneurs, innovators and businesses that are committed to building a low carbon future.",TEC,,,http://theenterprisecentre.uea.ac.uk/,
campus_fac,Music Centre,52.62090746,1.242259741,,,,,,,,
bus_stop,"Bluebell Road, adj University Entrance",52.6225553,1.247591972,nfodjtjd,,Buses from city centre drop off here ,bus,,,http://www.uea.ac.uk/estates/transport/Publictransport,
bus_stop,"Bluebell Road, opp University Entrance",52.62222639,1.247833371,nfodjtjg,,"For buses 25, 25A and X25 to Norwich City centre and Rail Station",bus,,,http://www.uea.ac.uk/estates/transport/Publictransport,
bus_stop,Chancellors Drive Stop E,52.62191701,1.237227917,nfodjptm,,"For buses 25, 25A and X25 to Norwich City centre and Rail Station",bus,,,http://www.uea.ac.uk/estates/transport/Publictransport,
bus_stop,"University Drive, Stop A",52.62282559,1.242157817,nfodjgpa,,"For buses: 25, 25A and X25 to Norwich city centre and Rail Station",bus,,,,
bus_stop,"University Drive, Stop B",52.62292654,1.243659854,nfogtgmp,,"For buses: 21, 21A, 22 to Norwich city centre via Bowthorpe",bus,,,,
bus_stop,"
Norfolk & Norwich University Hospital, Colney Lane (S-bound)",52.61868636,1.224390864,nfogpada,,For Buses: 11 and 11A (Sprowston),bus,,,http://www.uea.ac.uk/estates/transport/Publictransport,
bus_stop,"Chancellors Drive, Annexe, Stop F ",52.6217151,1.232780814,nfodmtja,,,bus,,,http://www.uea.ac.uk/estates/transport/Publictransport,
coach_stop,Chancellors Drive,52.62184211,1.237995028,nfodjptp,,"For Coaches: National Express 727 Gatwick Airport, South Terminal Bus Station",bus,,,http://www.uea.ac.uk/estates/transport/Publictransport,
bus_stop,"University Drive, Stop C",52.62276046,1.243466735,nfodjgpd,,"For buses: 9 Wymondham, 604 New Costessey, Park & Ride and drop off for buses from the city centre",bus,,,http://www.uea.ac.uk/estates/transport/Publictransport,
bus_stop,"Bluebell Road, The Avenues, opp",52.62403374,1.247667074,nfodjptw,,For buses towards city centre,bus,,,http://www.uea.ac.uk/estates/transport/Publictransport,
bus_stop,"Bluebell Road, adj North Park Avenue",52.6201975,1.247007251,nfodjtja,,For buses towards city centre,bus,,,http://www.uea.ac.uk/estates/transport/Publictransport,
bus_stop,"Earlham Road, adj Earlham Park Gates",52.62809432,1.241261959,nfodjptj,,"For buses: 4 (Swanton Morley and Dereham), 3 (Watton), 15 Shipdham, Eastgate",bus,,,,
bus_stop,"Bluebell Road, opp North Park Avenue",52.6203929,1.246824861,nfodjtgw,,Drop off for buses from city centre,bus,,,http://www.uea.ac.uk/estates/transport/Publictransport,
bus_stop,"Earlham Road, opp Earlham Park Gates",52.62821,1.24083,nfogmjtd,,"For buses: 4,3 to Norwich City centre (bus station)",bus,,,,
cafe,Bio Cafe,52.62095956,1.236450076,,,"Bio Cafe is home to the great taste of Grumpy Mule coffee and offers two different blends for you to choose from. Hot food is available as well as a great range of sandwiches & snacks

",,Monday to Friday  09:00 -16:00,,https://portal.uea.ac.uk/campus-kitchen/cafes-and-restaurants/bio-cafe,
cafe,Ziggy's,52.62109634,1.241573095,,,Ziggy's Espresso & Sandwich Bar uses a local East Anglian coffee roaster to bring you our very own specially selected exclusive blends of coffee,,"Term time<br/>
Monday to Friday  08:00-19:00<br/>
Saturday and Sunday 09:30-17:00<br/>
<br/>
Vacation Period<br/>
Monday to Friday 09:00-17:00<br/>
Saturday and Sunday 09:30-17:00",,https://portal.uea.ac.uk/campus-kitchen/cafes-and-restaurants/ziggys-espresso-bar,
cafe,Blend,52.62157,1.24073,,,"On the move or pressed for time? Blend offers great snacks, snadwiches and light hot meals in a grab and go style.",,Monday to Friday: 08:30-15:30 - We are closed out of term,,https://portal.uea.ac.uk/campus-kitchen/cafes-and-restaurants/blend,
cafe,Vista,52.62165,1.24073,,,"Vista is an oasis of tranquility for staff and post graduates alike. Serving superb barista coffee, delicious lunches and tasty afternoon snacks.",,Monday to Friday 08:30 to 16:00,,https://portal.uea.ac.uk/campus-kitchen/cafes-and-restaurants/vista,
cafe,Zest,52.621483,1.24073,,,"From breakfast to dinner and everything in between, Zest is the ultimate place to be offering great quality, freshly cooked, responsibly sourced dishes to suit every palette at any time of day",,"Monday - Friday: 07:30 to 17:30, Saturday and Sunday: 09:30 to 16:30 (non-term time Monday - Friday: 07:30 to 17.00, closed at the weekends)
",,https://portal.uea.ac.uk/campus-kitchen/cafes-and-restaurants/zest,
cafe,Sports Park Cafe,52.62424867,1.241428256,,,Sportscafe - serving a wide variety of hot and cold snacks all day. From the famous SP 'All Day' Breakfast to our very own freshly made Soup of the Day. We also have the 'Proud to Serve' Costa brand which you can either drink in or takeaway,,"Monday to Thursday 08:00 to 22:00<br/>
Friday to Saturday 08:00 to 21:00<br/>Last food orders 30mins before close",,https://portal.uea.ac.uk/campus-kitchen/cafes-and-restaurants/sports-park-cafe,
cafe,INTO Cafe,52.62333686,1.245580316,,,,,,,https://twitter.com/INTOUEACafe,
cafe,Modern Life Cafe,52.62064692,1.234030724,,,The Modern Life Cafe & Bar can be found within the beautiful glass fronted part of the museum,,,,https://portal.uea.ac.uk/campus-kitchen/cafes-and-restaurants/sainsbury-centre-for-visual-arts,
cafe,East End Cafe,52.62005095,1.235087514,,,The East End Cafe can be found near to the gift shop,,,,https://portal.uea.ac.uk/campus-kitchen/cafes-and-restaurants/sainsbury-centre-for-visual-arts,
cafe,Tonic,52.61957546,1.223065853,,,"Located in the Edith Cavell building, Tonic offers fresh, homemade sandwiches, scones and cakes with an array of coffees, teas and soft drinks.  ",,Monday to Friday: 8:30am to 15:30pm (closed throughout August),,,
cafe,Costa @ Cafe 57,52.622103,1.234125,,,"Enjoy Costa Coffee, fruit coolers and many more delicious Costa favouties. Compliment your drink with homemade cakes, a fantastic range of sandwiches and snacks incldung hot options at lunchtime.",,Monday to Friday 08.45 - 15.30,,https://portal.uea.ac.uk/campus-kitchen/cafes-and-restaurants/cafe-57https://portal.uea.ac.uk/campus-kitchen/cafes-and-restaurants/cafe-57,
campus_fac,Astro Turf Pitches,52.626198,1.241605,,,,,,,,
campus_fac,CareerCentral,52.621298,1.241192,,,"The Careers Service provides information, advice and guidance services for all UEA students and graduates, helping them into employment and further study.",,Open 9am-5pm Monday to Friday,,https://mycareercentral.uea.ac.uk/students/registration/providerwho?returnURL=%2F,
campus_fac,Chancellors Drive Annexes,52.62189096,1.23332262,,,,,,,,
campus_fac,Multifaith Centre,52.621799,1.240608,,,UEA's Multifaith Centre is a spiritual meeting place and community centre on campus.,,"We are open for staff and students of the University from 10 am to 4 pm, Monday to Friday during semester time and on Sunday evenings for services. ",,https://portal.uea.ac.uk/multifaith,
campus_fac,Islamic Prayer Room,52.62111,1.240591,,,Islamic Prayer Room located in the main Lecture Theatre Block (opposite Lecture Theatre 2).,,"Open for daily prayers from 6am–11pm every day including weekends, via campus card swipe access",,https://portal.uea.ac.uk/multifaith/faiths/islamic,
campus_fac,Islamic Prayer Hall,52.624249,1.245454,,,"The main hall at Blackdale is available for prayers for staff and students on Fridays

",,Friday 12-3pm,,https://portal.uea.ac.uk/multifaith/faiths/islamic,
campus_fac,Colney Lane Pavillion,52.621601,1.224147,,,Colney Lane Pavillion,,,,,
campus_fac,Congregation Hall,52.621994,1.242635,,,,C.HALL,,,,
campus_fac,Council House,52.622192,1.24123,,,,"REG C. CHAMBER
",,,,
campus_fac,Student Support Centre,52.621071,1.241466,,,"The Student Support Service offers a range of professional, proactive and approachable services for students.",SSS,Monday to Friday 0900-1700,,https://portal.uea.ac.uk/student-support-service,
campus_fac,Dev Farm,52.61940611,1.246615648,,,,,,,,y
campus_fac,Earlham Park,52.624298,1.234428,,,,,,,,
campus_fac,International Standard Athletics Track,52.624832,1.24212,,,,,,,,
campus_fac,The Nick Rayns LCR,52.621426,1.24179,,,"The Nick Rayns LCR has been voted as the best student venue in the country by the music industry's Live! magazine. Each year it plays host to well known bands such as Public Enemy, Sterephonics, Kasabian, Amy Winehouse and The Ting Tings amongst others. For full LCR listings click <a href='http://www.ueastudent.com/ents/entsFeatures/studentnights/index_html'>LCR Nights</a>",LCR,,,,
campus_fac,Norfolk and Norwich University Hospital,52.617783,1.220984,,,,,,,,
campus_fac,UEA Nursery,52.623611,1.246562,,,UEA Nursery is a full day care Nursery offering care for babies from 6 weeks and children until starting school. ,,,,http://www.uea.ac.uk/nursery,
campus_fac,The Lodge (Security),52.623119,1.240532,,,"The Lodge (Security) provides a 24-hour point of contact for those seeking advice or assistance and to keep the campus safe, security staff maintain close liaison with the local police. ",help,24 / 7,,,
campus_fac,Sportspark,52.624466,1.240854,,,"The Sportspark is East Anglia's largest swimming and sports centre. It includes an olympic sized swimming pool, an eight lane international standard athletics track, Norfolk's largest indoor climbing wall, a state of the art fitness centre plus much, much more. For a comprehensive list of all the activities offered at the Sportspark, please click the link above.",SP,,http://www.uea.ac.uk/polopoly/polopoly_fs/1.110687.LATEST!imageManager/3145070167.jpg,http://www.sportspark.co.uk/,
campus_fac,Student Union Pub and Bar,52.621544,1.241231,,,"The Union Pub and Bar is the hub of social life on campus. As well as providing the usual pub services; drinks, snacks, games machines, pool tables and a juke box, it also hosts a wide selection of special events - karaoke, tournaments, promotions, DJ sets and more.",,Monday/Tuesday 11am to 11pm<br>Wednesday 11am - 1pm<br>Thursday/Friday 11am - midnight<br>Saturday - 11am - 11pm<br>Sunday - midday - 11pm,,http://www.ueastudent.com/ents/entsFeatures/unionbars/thebar,
campus_fac,Tennis Courts,52.627033,1.241884,,,,,,,,
campus_fac,The Broad,52.618717,1.241552,,,The man-made lake (broad) on campus is a beautiful place to collect your thoughts and enjoy nature,broad,,http://www.uea.ac.uk/polopoly_fs/1.110909!imageManager/2943990812.jpg,,
campus_fac,The Drama Studio,52.621815,1.242362,,,"The purpose-built 200-seat studio theatre plays host to professional productions, as well as regularly showcasing the work of students studying <a href='http://www.uea.ac.uk/literature/drama'>Drama</a> at UEA.",DRA, ,,,
campus_fac,The Hive,52.62143503,1.24129951,,,"The Hive Bar, situated downstairs in Union House is used in many different ways; as a daytime cafe, a night-time venue for societies and as the second room on our regular student nights.",,Monday - Friday 9am - 5pm term time,,,
campus_fac,The Square,52.621742,1.241021,,,"The Square is located at the heart of the University and a central focal point for the University community. It has recently been regenerated to include new paving, seating and a new central fountain and water feature. ",,,,,
campus_fac,The Street,52.621265,1.241334,,,"On the Street you’ll find a variety of shops including our large food store (complete with Post Office), a Waterstones book shop and Cafe Direct coffee shop. Other facilities on The Street  include a bank and a 24-hour laundrette. There’s also CareerCentral (https://www.uea.ac.uk/careers) the one-stop-shop for anything relating to careers.",,,,,
campus_fac,Union House,52.621559,1.241468,,,,UH,,,,
campus_fac,University Dental Service,52.62341,1.24687,,,University Dental Service,UDS,,,http://www.uea.ac.uk/dentist,
campus_fac,Interdisciplinary Institute,52.62090746,1.242259741,,HUM,"The Interdisciplinary Institute for the Humanities is the home for the innovative Foundation Year in the Humanities and the Liberal Arts BA programme, as well as the MA in Creative Entrepreneurship. We provide an intellectual home for those activities in the Faculty of Arts and Humanities which cross disciplinary boundaries, including the Centre for Japanese Studies (CJS) and the East Anglian Film Archive (EAFA).",,,,https://www.uea.ac.uk/humanities,
campus_fac,Julian Study Centre,52.622151,1.234079,,,,,,,,
campus_fac,Print Services,52.620991,1.241589,,,"Providing a high quality, professional printing service located within Building 18, Suffolk Road",,Monday-Friday 9am - 5pm,,https://portal.uea.ac.uk/print-services,
campus_fac,Safety Services,52.62093,1.2372091,,,Our role is to provide all staff and students at UEA with advice and guidance on safety,,,,https://portal.uea.ac.uk/uss,
car_park, ,52.62335966,1.246079206,,,,,,,,
car_park,Car Park P1,52.6233336,1.24309659,,,P1 &mdash; Main Visitors Car Park,,,,,
car_park,Car Park P10,52.62179652,1.223934889,,,P10 &mdash; Sports Pavilion Car Park,,,,,
car_park,Car Park P2,52.62225895,1.23360157,,,P2 &mdash; West Car Park (permit holders only weekday daytime),,,,,
car_park,Car Park P3,52.62216125,1.235951185,,,P3 &mdash; West Car Park (permit holders only weekday daytime),,,,,
car_park,Car Park P3,52.62199191,1.237699986,,,P3 &mdash; West Car Park (permit holders only weekday daytime),,,,,
car_park,Car Park P4,52.62225895,1.239427328,,,P4 &mdash; Permit holders (Pre Booked) visitors only Car Park,,,,,
car_park,Car Park P5,52.62132105,1.235522032,,,P5 &mdash; Central Visitors Car Park (pay &amp; display),,,,,
car_park,Car Park P6,52.62545027,1.240832806,,,P6 &mdash; Sportspark Car Park (Sportspark users only),,,,,
car_park,Car Park P7,52.62053294,1.236079931,,,P7 &mdash; Sainsbury Centre Car Park (visitors only),,,,,
car_park,Car Park P8,52.62470782,1.245177984,,,"P8 &mdash; Blackdale Car Park (scratch cards, pay &amp; display)",,,,,
car_park,Car Park P8,52.62433659,1.246680021,,,"P8 &mdash; Blackdale Car Park (scratch cards, pay &amp; display)",,,,,
car_park,Car Park P9,52.61802,1.223978,,,P9 &mdash; Edith Cavell Building Car Park,,,,,
car_park,Car Park P11,52.626258,1.239379,,,P11 &mdash; Earlham Park / Enterprise Centre Car Park,,,,,
car_park,Car Park P12,52.62826,1.237502,,,P12 &mdash; Village Car Park,,,,,
coach_stop,,52.62291352,1.243799329,,,Coaches: Megabus (London),,,,http://www.uea.ac.uk/estates/transport/Publictransport,
cycle_rack,,52.62130802,1.236152351,,,,,,,,
cycle_rack,,52.62227686,1.243839562,,,,,,,,
cycle_rack,,52.62207658,1.235436201,,,,,,,,
cycle_rack,,52.62172487,1.235715151,,,,,,,,
cycle_rack,,52.62153925,1.236412525,,,,,,,,
cycle_rack,,52.62090746,1.235865355,,,,,,,,
cycle_rack,,52.62270835,1.240763068,,,,,,,,
cycle_rack,,52.62265299,1.240950823,,,,,,,,
cycle_rack,,52.62228826,1.242211461,,,,,,,,
cycle_rack,,52.62384161,1.240720153,,,,,,,,
cycle_rack,,52.6245222,1.240645051,,,,,,,,
cycle_rack,,52.62244783,1.244491339,,,,,,,,
cycle_rack,,52.6223599,1.245601773,,,,,,,,
cycle_rack,,52.62196586,1.245397925,,,,,,,,
cycle_rack,,52.62201145,1.246143579,,,,,,,,
cycle_rack,,52.62294934,1.246798038,,,,,,,,
cycle_rack,,52.62319683,1.246615648,,,,,,,,
cycle_rack,,52.62113217,1.242442131,,,,,,,,
cycle_rack,,52.62187468,1.233971715,,,,,,,,
cycle_rack,,52.62148225,1.237576604,,,,,,,,
cycle_rack,,52.62156204,1.238013804,,,,,,,,
cycle_rack,,52.62084395,1.241326332,,,,,,,,
cycle_repair,Cycle Repair Centre,52.6222,1.2432307,,,"Dr Bike at the Cycle Repair Centre (recycling zone, rear of Congregation Hall)",,"Term Time: Every Tuesday, Wednesday and Thursday 10.00 am until 2.30 pm<br/>
Vacation Period: Tuesday only 10.00 – 2.30 pm",,http://www.uea.ac.uk/estates/transport/cycling,
hub,Arts Hub,52.62187793,1.24024272,,,"For students from AMA, DEV, ECO, HIS, LAW, LDC, PPL studying UG and PG taught courses",,,,,
hub,Elizabeth Fry Hub,52.62153925,1.235387921,,,"For students from BIO, CHE, CMP, ENV, MED, MTH, NBS, PHA, SCI studying UG and PG taught courses",,,,,
hub,ZICER Hub,52.62172487,1.237978935,,,"For students from HSC, EDU, SWK, PSY studying UG and PG taught courses and placements",,,,,
hub,Postgraduate Research Service (PGR),52.621584,1.235687,,,"Postgraduate Research (PGR) provision at the University includes research programmes leading to Masters by Research (MA and MSc), Master of Philosophy (MPhil), Doctor of Philosophy (PhD) and other research-based qualifications across a range of subjects.",,,,https://portal.uea.ac.uk/postgraduate-research,
information,,52.62164671,1.241524816,,,,,,,,
information,,52.62231106,1.241422892,,,,,,,,
information,,52.62425518,1.240924001,,,,,,,,
information,,52.62323591,1.24065578,,,,,,,,
launderette,,52.620892,1.241965,,,,,,,,
launderette,,52.62357784,1.246588826,,,,,,,,
launderette,,52.62886,1.237107,,,,,,,,
level_access,,52.62326522,1.246765852,,,,,,,,
lift,,52.61939308,1.223081946,,,,,,,,
lift,,52.62190073,1.235055327,,,,,,,,
lift,,52.6219854,1.23618722,,,,,,,,
lift,,52.62176069,1.238198876,,,,,,,,
lift,,52.62168579,1.239239573,,,,,,,,
lift,,52.62200168,1.239995956,,,,,,,,
lift,,52.62229152,1.240494847,,,,,,,,
lift,,52.62145132,1.241219044,,,,,,,,
lift,,52.62424215,1.24120295,,,,,,,,
lift,,52.6233336,1.245430112,,,,,,,,
lift,,52.62079022,1.241160035,,,,,,,,
lift,,52.62151319,1.240639687,,,,,,,,
lift,,52.62111914,1.237469316,,,,,,,,
lift,,52.62080324,1.236428618,,,,,,,,
lift,,52.62023658,1.235157251,,,,,,,,
lift,,52.62117776,1.240639687,,,,,,,,
lift,,52.62087489,1.240848899,,,,,,,,
lift,,52.62227849,1.242498457,,,,,,,,
lift,,52.62158158,1.235776842,,,,,,,,
lift,,52.62240061,1.241283417,,,,,,,,
medical,University Medical Services,52.62342316,1.246899962,,,UEA houses a  <a href='http://www.umsuea.co.uk/'>Medical Centre</a> to facilitate the students on its campus. ,,"Mon        0830-1830 hrs         
Tue        0830-2000 hrs         
Wed        0830-1830 hrs         
Thu        0830-1830 hrs         
Fri        0830-1830 hrs         
Sat        0830-1200 hrs        Pre-booked appointments only",http://www.uea.ac.uk/polopoly/polopoly_fs/1.110657.LATEST!imageManager/3109042611.jpg,http://www.umsuea.co.uk/,
motorcycle_parking,,52.62296562,1.241900325,,,,,,,,
motorcycle_parking,,52.62151645,1.239776015,,,,,,,,
motorcycle_parking,,52.62227523,1.239244938,,,,,,,,
motorcycle_parking,,52.622109,1.236678,,,,,,,,
museum,Sainsbury Centre for Visual Arts,52.620365,1.234653,,,,SCVA,,http://www.uea.ac.uk/polopoly/polopoly_fs/1.110664.LATEST!imageManager/2372453709.jpg,,
pay_station,,52.62127872,1.235902905,,,,,,,,
pay_station,,52.62207007,1.238102317,,,,,,,,
pay_station,,52.6228549,1.241573095,,,,,,,,
pay_station,,52.62310891,1.244673729,,,,,,,,
pay_station,,52.62453197,1.245000958,,,,,,,,
pc_spaces,Arts Block (Total),52.62185,1.2401,arts,,,,,,,
pc_spaces,Arts Room 1.01,52.6219,1.23994,3/1.01,,,,,,,
pc_spaces,Arts Room 1.02,52.62194,1.23987,3/1.02,,,,,,,
pc_spaces,Arts Room 1.03,52.62199,1.2398,3/1.03,,,,,,,
pc_spaces,Arts Room 1.04,52.62204,1.23997,3/1.04,,,,,,,
pc_spaces,Arts Room 1.05,52.62199,1.24004,3/1.05,,,,,,,
pc_spaces,ITCS Building (Total),52.62134,1.23953,itcs,,,,,,,
pc_spaces,ITCS Floor 0 Teaching Room,52.6214,1.23946,12/0.17,,,,,,,
pc_spaces,ITCS Floor 01 Teaching Room,52.62139,1.23934,12/01.26,,,,,,,
pc_spaces,ITCS Group Study Room (Floor 01),52.62131,1.23967,12/01.02,,,,,,,
pc_spaces,Library Floor 0 (24hour Area),52.620763,1.24121,14/0.24,,,,,,,
pc_spaces,Library Floor 01 (01.29),52.620732,1.240582,14/01.29,,,,,,,
pc_spaces,Library Floor 01 (01.03),52.620732,1.24058,14/01.03,,,,,,,
pc_spaces,Library Floor 1,52.620812,1.240582,14/1.32,,,,,,,
pc_spaces,Library Floor 1 (24hour Area),52.620878,1.24121,14/1.33,,,,,,,
pc_spaces,Library Floor 2,52.620891,1.240582,14/2.33,,,,,,,
pc_spaces,Library Floor 3,52.620968,1.240582,14/3.33,,,,,,,
pc_spaces,Library Building (Total),52.621,1.24084,library,,,,,,,
ramped_access,,52.62130477,1.238451004,,,,,,,,
ramped_access,,52.62186816,1.239298582,,,,,,,,
ramped_access,,52.62169231,1.23940587,,,,,,,,
ramped_access,,52.62200494,1.2397331,,,,,,,,
ramped_access,,52.62199843,1.240151525,,,,,,,,
ramped_access,,52.62136664,1.239792109,,,,,,,,
ramped_access,,52.62145783,1.240022779,,,,,,,,
ramped_access,,52.62210589,1.240752339,,,,,,,,
recycle_centre,,52.62230129,1.240650415,,,,,,,,
recycle_centre,,52.62126569,1.241841316,,,,,,,,
sculpture,Draped Reclining Woman,52.62077231,1.233668625,86,,"Draped Reclining Woman. Henry Moore (1898-1986). England. 1957-58. Bronze, edition 4/6. w. 205 cm. Acquired from the artist 1960. Robert and Lisa Sainsbury Collection. UEA 86.",,,,,
sculpture,Extrapolation,52.62068,1.24005,,,,,,,,
sculpture,One for Bristol,52.62073,1.24269,41399,,"One for Bristol, John Hoskin (1921-1990), England, 1968, Stainless steel, painted steel, University General & Vice-Chancellor's Collection UEA 41399",,,http://www.adlib.uea.ac.uk/wwwopac/wwwopac.exe?thumbnail=C:\inetpub\wwwroot\adlib\database\Images\Temp%20images\Uni%20Ab%20and%20Cons\41399.jpg&outputtype=image/jpeg&xsize=150&dontkeepaspectratio=0&fullimage=1,,
sculpture,Proximity  ,52.62008026,1.237555146,31418,,"Ian Tyson, Proximity, 2006, Painted steel, University Collection of Abstract and Constrctivist Art, Gifted by Anne Dilman in memory of her late husband Professor Ilham Dilman, UEA 31418",,,http://www.adlib.uea.ac.uk/wwwopac/wwwopac.exe?thumbnail=C:\inetpub\wwwroot\adlib\database\Images\jpegs_Uni%20Ab%20and%20Cons\31418a.jpg&outputtype=image/jpeg&xsize=150&dontkeepaspectratio=0&fullimage=1,,
sculpture,Reclining Figure ,52.62003466,1.23601824,85,,"Reclining Figure. Henry Moore (1898-1986). England. 1956-62. Bronze, edition 4/8. w. 228 cm. Acquired from the artist 1962. Robert and Lisa Sainsbury Collection. UEA 85.",,,,,
sculpture,"Sculpture 1964 (""Variations on a Square"")",52.62035219,1.240586042,41289,,"Sculpture 1964. Henry Clyne. 1964. Brass, brazed copper, steel. Acquired 1964. UEA 41289",,,http://www.adlib.uea.ac.uk/wwwopac/wwwopac.exe?thumbnail=C:\inetpub\wwwroot\adlib\database\Images\Temp%20images\VC%20Collection\41289%20Clyne.jpg&outputtype=image/jpeg&xsize=150&dontkeepaspectratio=0&fullimage=1,,
sculpture,Two Piece Reclining Figure No. 3,52.62075928,1.234934628,,,,,,,,
stairs,,52.62217102,1.242324114,,,,,,,,
stairs,,52.62197563,1.243820786,,,,,,,,
stairs,,52.62148063,1.244700551,,,,,,,,
stairs,,52.62138944,1.244968772,,,,,,,,
stairs,,52.62066158,1.240237355,,,,,,,,
stairs,,52.62058016,1.239593625,,,,,,,,
stairs,,52.62031148,1.236425936,,,,,,,,
stairs,,52.6207088,1.24157846,,,,,,,,
stairs,,52.62144155,1.242080033,,,,,,,,
stairs,,52.62070554,1.241583824,,,,,,,,
stairs,,52.621483,1.240428,,,,,,,,
stairs,,52.62086512,1.240671873,,,,,,,,
stairs,,52.62064367,1.234610081,,,,,,,,
stairs,,52.62023658,1.235318184,,,,,,,,
stairs,,52.62158809,1.235634685,,,,,,,,
stairs,,52.62197889,1.23636961,,,,,,,,
stairs,,52.62397513,1.241149306,,,,,,,,
stairs,,52.62443428,1.241101027,,,,,,,,
stairs,,52.62432356,1.246004105,,,,,,,,
stairs,,52.6233564,1.247050166,,,,,,,,
stairs,,52.62333035,1.245279908,,,,,,,,
stairs,,52.62223941,1.241186857,,,,,,,,
stairs,,52.61947125,1.223033667,,,,,,,,
stairs,,52.62222639,1.241197586,,,,,,,,
stairs,,52.62143015,1.241683066,,,,,,,,
stairs,,52.621248,1.239619,,,,,,,,
stairs,,52.621248,1.239721,,,,,,,,
stairs,,52.621351,1.23967,,,,,,,,
stairs,,52.621184,1.239675,,,,,,,,
taxi,Taxi drop off point,52.6232294,1.240650415,,,,,,,,
telephone,,52.62199,1.24004,,,,,,,,
toilets,,52.62204,1.23997,,,,,,,,
toilets,,52.62199,1.2398,,,,,,,,
toilets,,52.62194,1.23987,,,,,,,,
toilets,,52.6219,1.23994,,,,,,,,
toilets,,52.62185,1.2401,,,,,,,,
toilets,,52.620968,1.240582,,,,,,,,
toilets,,52.620891,1.240582,,,,,,,,
toilets,,52.620812,1.240582,,,,,,,,
toilets,,52.620878,1.24121,,,,,,,,
toilets,,52.620763,1.24121,,,,,,,,
gn_toilets,,52.620732,1.240582,,,"Toilets: 14/01.32, 14/01.33, 14/1.28, 14/1.29, 14/2.36, 14/2.37, 14/3.36, 14/3.37",,,,,
toilets,,52.621,1.24084,,,,,,,,
toilets,,52.623329,1.240363,,,,,,,,
toilets,,52.62227,1.2434,,,,,,,,
toilets,,52.621968,1.234111,,,,,,,,
gn_toilets,,52.619782,1.218742,,,"Toilets: 214/2.46, 214/2.47",,,,,
gn_toilets,,52.61982,1.21888,,,Toilet: 214/1.33,,,,,
gn_toilets,,52.621512,1.241407,,,"Toilets: 17/01.13 (12 toilets), 17/0.13 (14 toilets), 17/0.22 (13 toilets)",,,,,
gn_toilets,,52.622166,1.242342,,,Toilet: 23/01.16,,,,,
gn_toilets,,52.625618,1.236846,,,Toilet: 40/0.07A,,,,,
gn_toilets,,52.619255,1.223285,,,Toilet: 209/0.04,,,,,
gn_toilets,,52.621569,1.235628,,,"Toilets: 11/01.16, 11/0.20, 11/1.35, 11/2.31",,,,,
gn_toilets,,52.622224,1.234041,,,"Toilets: 57/1.06, 57/2.06, 57/3.05",,,,,
gn_toilets,,52.621903,1.23485,,,Toilets: 43/0.06,,,,,
gn_toilets,,52.621141,1.236094,,,Toilets: 10/2.25,,,,,
gn_toilets,,52.622442,1.241434,,,Toilets: 2/0.04,,,,,
gn_toilets,,52.62103,1.237514,,,Toilets: 5/3.01,,,,,
gn_toilets,,52.623089,1.240509,,,Toilets: 1/01.03A,,,,,
gn_toilets,,52.620155,1.240323,,,Toilets: 105/2.C02,,,,,
gn_toilets,,52.621989,1.236095,,,Toilet: 52/01.03,,,,,
gn_toilets,,52.621735,1.238086,,,Toilet: 44/01.15,,,,,
shower,,52.619385,1.218393,,,"Cycle to Work showers: 214/0.32,0.33, 1.09, 1.10, 1.34, 2.34, 2.44",,,,,
shower,,52.619322,1.222944,,,"Cycle to Work showers: Student showers 209/01.05A, 01.05B, 01.05C [disabled shower], Staf showers 209/1.15A, 2.11A",,,,,
shower,,52.622185,123402,,,"Cycle to Work showers: 57/0.06A [male shower], 0.07A [female shower]",,,,,
shower,,52.62198,1.236176,,,"Cycle to Work shower: 52/01.01 [disabled shower], 01.02",,,,,
shower,,52.621885,1.234787,,,"Cycle to Work shower: 43/0.03B [male shower], 0.05B [female shower]",,,,,
shower,,52.621723,1.238039,,,Cycle to Work shower: 44/02.08,,,,,
shower,,52.621563,1.23623,,,"Cycle to Work shower: 10/0.31 [male shower], 0.35 [female shower]",,,,,
shower,,52.620677,1.23616,,,"Cycle to Work shower: 6/0.52 [male shower & disabled shower], 1.57 [female & disabled shower]",,,,,
shower,,52.621781,1.240141,,,Cycle to Work shower: 3/01.22 [disabled shower],,,,,
shower,,52.622404,1.241411,,,Cycle to Work shower: 2/0.07,,,,,
construction,Earlham Hall stable block & courtyard ,52.625607,1.237271,,,"Refurbishment of the building structure, interior and new accessible lift. Expected completion in Spring (Mar) 2017. Estates contact: r.loveland@uea.ac.uk",,,,https://lred.uea.ac.uk/web/hub/estates/improving-your-campus/current-works/-/asset_publisher/sSXAwYIZMu7x/content/earlham-hall-stable-block-courtyard-development?inheritRedirect=false&redirect=https%3A%2F%2Flred.uea.ac.uk%3A443%2Fweb%2Fhub%2Festates%2Fimproving-your-campus%2Fcurrent-works%3Fp_p_id%3D101_INSTANCE_sSXAwYIZMu7x%26p_p_lifecycle%3D0%26p_p_state%3Dnormal%26p_p_mode%3Dview%26p_p_col_id%3Dcolumn-3%26p_p_col_count%3D1,
construction,Sports field development,52.620663,1.227915,,,"In partnership with Norwich Rugby Football Club. Proposals include pitches, clubhouse, car and coach parking areas and storage facility. Estates contact: r.loveland@uea.ac.uk",,,,https://portal.uea.ac.uk/estates/improving-your-campus/current-works/-/asset_publisher/sSXAwYIZMu7x/content/proposed-relocation-of-norwich-rufc-to-uea?inheritRedirect=false&redirect=https%3A%2F%2Fportal.uea.ac.uk%2Festates%2Fimproving-your-campus%2Fcurrent-works%3Fp_p_id%3D101_INSTANCE_sSXAwYIZMu7x%26p_p_lifecycle%3D0%26p_p_state%3Dnormal%26p_p_mode%3Dview%26p_p_col_id%3Dcolumn-3%26p_p_col_count%3D1,
construction,New CHP engines,52.622262,1.238725,,,Replacement of 2 combined heat & power (CHP) engines in Energy Facility 1 (Maintenance Building). Completion by summer 2017. Estates contact: neil.wilson@uea.ac.uk,,,,,
construction,SCI re-roofing & plant modifications,52.62093,1.237292,,,Re-roofing of Faculty of Science and technical review of the BIO extract systems. Works will run Jan 2016 to Aug 2017. Estates contact: philip.page@uea.ac.uk ,,,,https://portal.uea.ac.uk/estates/improving-your-campus/current-works/-/asset_publisher/sSXAwYIZMu7x/content/sci-re-roofing-plant-modifications?inheritRedirect=false&redirect=https%3A%2F%2Fportal.uea.ac.uk%2Festates%2Fimproving-your-campus%2Fcurrent-works%3Fp_p_id%3D101_INSTANCE_sSXAwYIZMu7x%26p_p_lifecycle%3D0%26p_p_state%3Dnormal%26p_p_mode%3Dview%26p_p_col_id%3Dcolumn-3%26p_p_col_count%3D1,
construction,SCI teaching building,52.621871,1.233258,,,Feasibility study for construction of new building on site of existing Chancellors Drive Annexe. Estates contact: neil.wilson@uea.ac.uk,,,,,
construction,Constable Terrace re-roofing,52.621197,1.234927,,,Re-roofing of the east wing (nearest Queens Building). Project runs 10 Oct to mid-Feb 2017. Estates contact: philip.page@uea.ac.uk ,,,,https://portal.uea.ac.uk/estates/improving-your-campus/current-works/-/asset_publisher/sSXAwYIZMu7x/content/constable-terrace-re-roofing?inheritRedirect=false&redirect=https%3A%2F%2Fportal.uea.ac.uk%2Festates%2Fimproving-your-campus%2Fcurrent-works%3Fp_p_id%3D101_INSTANCE_sSXAwYIZMu7x%26p_p_lifecycle%3D0%26p_p_state%3Dnormal%26p_p_mode%3Dview%26p_p_col_id%3Dcolumn-3%26p_p_col_count%3D1,
construction,Oak / Larch refurbishments,52.628124,1.236606,,,Refurbishment of study bedrooms. 17 Dec to 13 Jan  Estates contact: philip.page@uea.ac.uk,,,,https://portal.uea.ac.uk/estates/improving-your-campus/current-works/-/asset_publisher/sSXAwYIZMu7x/content/refurbishment-of-study-bedrooms-in-the-village?inheritRedirect=false&redirect=https%3A%2F%2Fportal.uea.ac.uk%2Festates%2Fimproving-your-campus%2Fcurrent-works%3Fp_p_id%3D101_INSTANCE_sSXAwYIZMu7x%26p_p_lifecycle%3D0%26p_p_state%3Dnormal%26p_p_mode%3Dview%26p_p_col_id%3Dcolumn-3%26p_p_col_count%3D1,
construction,Broadview Lodge shower pods,52.621415,1.243429,,,Pilot scheme for an integrated shower pod with potential roll out to Nelson Court & Constable Terrace. 19 Dec to 31 Mar. Estates contact: philip.page@uea.ac.uk ,,,,https://portal.uea.ac.uk/estates/improving-your-campus/current-works/-/asset_publisher/sSXAwYIZMu7x/content/broadview-lodge-shower-pod-replacement?inheritRedirect=false&redirect=https%3A%2F%2Fportal.uea.ac.uk%2Festates%2Fimproving-your-campus%2Fcurrent-works%3Fp_p_id%3D101_INSTANCE_sSXAwYIZMu7x%26p_p_lifecycle%3D0%26p_p_state%3Dnormal%26p_p_mode%3Dview%26p_p_col_id%3Dcolumn-3%26p_p_col_count%3D1,
construction,Council Chamber AHU replacement,52.622098,1.241117,,,Replacement of air handling units. 5 Nov to 9 Jan Estates contact: r.loveland@uea.ac.uk,,,,https://lred.uea.ac.uk/web/hub/estates/improving-your-campus/current-works/-/asset_publisher/sSXAwYIZMu7x/content/council-chamber-ahu-replacement?inheritRedirect=false&redirect=https%3A%2F%2Flred.uea.ac.uk%2Fweb%2Fhub%2Festates%2Fimproving-your-campus%2Fcurrent-works%3Fp_p_id%3D101_INSTANCE_sSXAwYIZMu7x%26p_p_lifecycle%3D0%26p_p_state%3Dnormal%26p_p_mode%3Dview%26p_p_col_id%3Dcolumn-3%26p_p_col_count%3D1,
disabledgo,Constable Terrace,52.621183,1.234787,,,Disabled Go,,,,http://www.disabledgo.com/access-guide/university-of-east-anglia/constable-terrace-2,
disabledgo,Barclays,52.621062,1.241564,,,Disabled Go,,,,http://www.disabledgo.com/access-guide/university-of-east-anglia/barclays-bank-2,
disabledgo,School of Biological Sciences,52.620636,1.236483,,,Disabled Go,,,,http://www.disabledgo.com/access-guide/university-of-east-anglia/biological-sciences-2,
disabledgo,Biomedical Research Centre,52.620935,1.236466,,,Disabled Go,,,,http://www.disabledgo.com/access-guide/university-of-east-anglia/biomedical-research-centre-2,
disabledgo,Broadview Lodge,52.621343,1.243363,,,Disabled Go,,,,http://www.disabledgo.com/access-guide/university-of-east-anglia/broadview-lodge-3,
disabledgo,Browne House,52.622477,1.247305,,,Disabled Go,,,,http://www.disabledgo.com/access-guide/university-of-east-anglia/browne-house-2,
disabledgo,Career Central,52.621273,1.241138,,,Disabled Go,,,,http://www.disabledgo.com/access-guide/university-of-east-anglia/career-central-2,
disabledgo,Careers Central Plus,52.62065,1.241724,,,Disabled Go,,,,http://www.disabledgo.com/access-guide/university-of-east-anglia/careers-central-plus-2,
disabledgo,Chemistry and Pharmacy,52.621547,1.239248,,,Disabled Go,,,,http://www.disabledgo.com/access-guide/university-of-east-anglia/chemistry-and-pharmacy-2,
disabledgo,Climatic Research Unit,52.621776,1.238567,,,Disabled Go,,,,http://www.disabledgo.com/access-guide/university-of-east-anglia/climatic-research-unit-2,
disabledgo,Student Support Centre,52.621087,1.241455,,,Disabled Go,,,,http://www.disabledgo.com/access-guide/university-of-east-anglia/dean-of-students-office-2,
disabledgo,Dental Practice,52.623422,1.246884,,,Disabled Go,,,,http://www.disabledgo.com/access-guide/university-of-east-anglia/dental-practice-2,
disabledgo,Dr Bike Repair Centre,52.622198,1.243165,,,Disabled Go,,,,http://www.disabledgo.com/access-guide/university-of-east-anglia/dr-bike-repair-centre,
disabledgo,Drama Studio,52.621824,1.242499,,,Disabled Go,,,,http://www.disabledgo.com/access-guide/university-of-east-anglia/drama-studio-2,
disabledgo,Estates and Buildings,52.62213,1.238192,,,Disabled Go,,,,http://www.disabledgo.com/access-guide/university-of-east-anglia/estates-and-buildings,
disabledgo,Kett House,52.622908,1.247133,,,Disabled Go,,,,http://www.disabledgo.com/access-guide/university-of-east-anglia/kett-house-2,
disabledgo,Launderette,52.62086,1.241916,,,Disabled Go,,,,http://www.disabledgo.com/access-guide/university-of-east-anglia/launderette,
disabledgo,Lecture Theatre Building,52.621253,1.240345,,,Disabled Go,,,,http://www.disabledgo.com/access-guide/university-of-east-anglia/lecture-theatre-building,
disabledgo,Library,52.620816,1.240628,,,Disabled Go,,,,http://www.disabledgo.com/access-guide/university-of-east-anglia/library,
disabledgo,Sciences,52.621157,1.23771,,,Disabled Go,,,,http://www.disabledgo.com/access-guide/university-of-east-anglia/mathematics-and-computing-sciences-2,
disabledgo,Norfolk Terrace,52.62044,1.237467,,,Disabled Go,,,,http://www.disabledgo.com/access-guide/university-of-east-anglia/norfolk-terrace-2,
disabledgo,Paston House,52.622586,1.245083,,,Disabled Go,,,,http://www.disabledgo.com/access-guide/university-of-east-anglia/paston-house-2,
disabledgo,Colney Lane Pavilion,52.621602,1.224166,,,Disabled Go,,,,http://www.disabledgo.com/access-guide/university-of-east-anglia/sports-pavilion-2,
disabledgo,University Village - Ash,52.628228,1.236378,,,Disabled Go,,,,http://www.disabledgo.com/access-guide/university-of-east-anglia/student-village---ash,
disabledgo,University Village - Beech,52.628426,1.236712,,,Disabled Go,,,,http://www.disabledgo.com/access-guide/university-of-east-anglia/student-village---beech,
disabledgo,University Village - Courtyard A,52.628358,1.237925,,,Disabled Go,,,,http://www.disabledgo.com/access-guide/university-of-east-anglia/student-village---courtyard-a,
disabledgo,University Village - Courtyard B,52.627988,1.237541,,,Disabled Go,,,,http://www.disabledgo.com/access-guide/university-of-east-anglia/student-village---courtyard-b-2,
disabledgo,University Village - Elm,52.628778,1.237698,,,Disabled Go,,,,http://www.disabledgo.com/access-guide/university-of-east-anglia/student-village---elm,
disabledgo,University Village - Hawthorne,52.628734,1.235178,,,Disabled Go,,,,http://www.disabledgo.com/access-guide/university-of-east-anglia/student-village---hawthorn,
disabledgo,University Village - Larch,52.628133,1.236852,,,Disabled Go,,,,http://www.disabledgo.com/access-guide/university-of-east-anglia/student-village---larch-2,
disabledgo,University Village - Launderette,52.628804,1.237156,,,Disabled Go,,,,http://www.disabledgo.com/access-guide/university-of-east-anglia/student-village---launderette-2,
disabledgo,University Village - Oak,52.628034,1.23618,,,Disabled Go,,,,http://www.disabledgo.com/access-guide/university-of-east-anglia/student-village---oak-2,
disabledgo,University Village - Pine,52.629337,1.235049,,,Disabled Go,,,,http://www.disabledgo.com/access-guide/university-of-east-anglia/student-village---pine-2,
disabledgo,University Village - Willow,52.629121,1.234888,,,Disabled Go,,,,http://www.disabledgo.com/access-guide/university-of-east-anglia/student-village---willow,
disabledgo,University Village - Yew,52.628664,1.236885,,,Disabled Go,,,,http://www.disabledgo.com/access-guide/university-of-east-anglia/student-village---yew-2,
disabledgo,Suffolk Terrace,52.620216,1.240263,,,Disabled Go,,,,http://www.disabledgo.com/access-guide/university-of-east-anglia/suffolk-terrace-2,
disabledgo,Suffolk Walk,52.62037,1.241331,,,Disabled Go,,,,http://www.disabledgo.com/access-guide/university-of-east-anglia/suffolk-walk-2,
disabledgo,Blend,52.621648,1.240483,,,Disabled Go,,,,http://www.disabledgo.com/access-guide/university-of-east-anglia/the-blend-28,
disabledgo,Congregation Hall,52.622075,1.24258,,,Disabled Go,,,,http://www.disabledgo.com/access-guide/university-of-east-anglia/the-congregation-hall-17,
disabledgo,Council House,52.622064,1.241112,,,Disabled Go,,,,http://www.disabledgo.com/access-guide/university-of-east-anglia/the-council-house-11,
disabledgo,Medical School,52.621886,1.234654,,,Disabled Go,,,,http://www.disabledgo.com/access-guide/university-of-east-anglia/the-medicine-health-policy-and-practice-med-building-5,
disabledgo,Multi-Faith Centre,52.621794,1.240668,,,Disabled Go,,,,http://www.disabledgo.com/access-guide/university-of-east-anglia/the-multi-faith-centre-17,
disabledgo,Nelson Court,52.621593,1.244193,,,Disabled Go,,,,http://www.disabledgo.com/access-guide/university-of-east-anglia/the-nelson-court-5,
disabledgo,Norwich Business School,52.62196,1.236134,,,Disabled Go,,,,http://www.disabledgo.com/access-guide/university-of-east-anglia/the-norwich-business-school-3,
disabledgo,Post Office,52.620935,1.241814,,,Disabled Go,,,,http://www.disabledgo.com/access-guide/university-of-east-anglia/the-post-office-2,
disabledgo,The Queens Building,52.621363,1.235979,,,Disabled Go,,,,http://www.disabledgo.com/access-guide/university-of-east-anglia/the-queens-building---the-faculty-of-health-8,
disabledgo,Registry,52.622502,1.241616,,,Disabled Go,,,,http://www.disabledgo.com/access-guide/university-of-east-anglia/the-registry-12,
disabledgo,Lawrence Stenhouse Building,52.621573,1.237284,,,Disabled Go,,,,http://www.disabledgo.com/access-guide/university-of-east-anglia/the-school-of-education-and-lifelong-learning---lawrence-stenhouse-building-2,
disabledgo,The Lodge,52.623138,1.240561,,,Disabled Go,,,,http://www.disabledgo.com/access-guide/university-of-east-anglia/the-security-lodge-7,
disabledgo,Unio,52.621489,1.24124,,,Disabled Go,,,,http://www.disabledgo.com/access-guide/university-of-east-anglia/the-unio-coffee-21,
disabledgo,Union Shop,52.620949,1.241785,,,Disabled Go,,,,http://www.disabledgo.com/access-guide/university-of-east-anglia/the-union-shop-15,
disabledgo,Accomodation Office,52.621053,1.244225,,,Disabled Go,,,,http://www.disabledgo.com/access-guide/university-of-east-anglia/uea-accommodation-office,
disabledgo,Nursery,52.623624,1.24663,,,Disabled Go,,,,http://www.disabledgo.com/access-guide/university-of-east-anglia/uea-nursery-2,
disabledgo,Pharmacy - Boots,52.623431,1.246719,,,Disabled Go,,,,http://www.disabledgo.com/access-guide/university-of-east-anglia/uea-pharmacy---boots-2,
disabledgo,Medical Centre,52.623445,1.246841,,,Disabled Go,,,,http://www.disabledgo.com/access-guide/university-of-east-anglia/university-medical-centre-2,
disabledgo,Post Room,52.622117,1.240453,,,Disabled Go,,,,http://www.disabledgo.com/access-guide/university-of-east-anglia/university-post-room,
disabledgo,Victory House,52.62255,1.246265,,,Disabled Go,,,,http://www.disabledgo.com/access-guide/university-of-east-anglia/victory-house-2,
disabledgo,Waterstones,52.621408,1.240981,,,Disabled Go,,,,http://www.disabledgo.com/access-guide/university-of-east-anglia/waterstones-2,